YouthSubculture,ExternalPerspective,InternalPerspective,Person,Activity,Location,Media,Stereotype
Emos,Emotional and expressive,Introspective and aesthetic,Alice Smith,Creating art,Los Angeles,TV shows,Expressive
Emos,Emotional and expressive,Introspective and aesthetic,Caterina Rossi,Listening to music,Los Angeles,Online articles,Expressive
Goths,Dark and mysterious,Introspective and aesthetic,Bob Johnson,Attending concerts,Bologna,Online articles,Mysterious
Goths,Dark and mysterious,Expressive and emotional,Caterina Rossi,Attending concerts,Bologna,Social media,Mysterious
Hipsters,Elitist,Expressive and emotional,Alice Smith,Listening to music,New York,TV shows,Elitist
Emos,Emotional and expressive,Trendy and innovative,Caterina Rossi,Attending concerts,Los Angeles,Online articles,Emotional
Goths,Dark and mysterious,Trendy and innovative,Bob Johnson,Listening to music,Bologna,Social media,Morbid
Emos,Emotional and expressive,Trendy and innovative,Bob Johnson,Listening to music,Los Angeles,Social media,Emotional
Goths,Dark and mysterious,Expressive and emotional,Caterina Rossi,Attending concerts,Bologna,Social media,Morbid
Emos,Emotional and expressive,Expressive and emotional,Alice Smith,Listening to music,Los Angeles,TV shows,Expressive
Goths,Dark and mysterious,Expressive and emotional,Caterina Rossi,Listening to music,Bologna,Online articles,Morbid
Hipsters,Elitist,Trendy and innovative,Caterina Rossi,Attending concerts,New York,Social media,Elitist
Hipsters,Elitist,Expressive and emotional,Alice Smith,Listening to music,New York,Social media,Trendy
Goths,Dark and mysterious,Trendy and innovative,Bob Johnson,Attending concerts,Bologna,Social media,Mysterious
Hipsters,Elitist,Introspective and aesthetic,Alice Smith,Attending concerts,New York,Social media,Elitist
Emos,Emotional and expressive,Introspective and aesthetic,Caterina Rossi,Listening to music,Los Angeles,Social media,Expressive
Goths,Dark and mysterious,Trendy and innovative,Bob Johnson,Listening to music,Bologna,Online articles,Mysterious
Goths,Dark and mysterious,Introspective and aesthetic,Caterina Rossi,Attending concerts,Bologna,Online articles,Mysterious
Hipsters,Elitist,Expressive and emotional,Alice Smith,Attending concerts,New York,Social media,Trendy
Hipsters,Elitist,Expressive and emotional,Bob Johnson,Listening to music,New York,TV shows,Elitist
Goths,Dark and mysterious,Trendy and innovative,Alice Smith,Attending concerts,Bologna,Online articles,Mysterious
Emos,Emotional and expressive,Trendy and innovative,Bob Johnson,Listening to music,Los Angeles,Social media,Emotional
Hipsters,Elitist,Introspective and aesthetic,Bob Johnson,Creating art,New York,TV shows,Elitist
Emos,Emotional and expressive,Expressive and emotional,Alice Smith,Attending concerts,Los Angeles,TV shows,Expressive
Hipsters,Elitist,Introspective and aesthetic,Alice Smith,Creating art,New York,TV shows,Trendy
Goths,Dark and mysterious,Trendy and innovative,Alice Smith,Listening to music,Bologna,Online articles,Morbid
Emos,Emotional and expressive,Introspective and aesthetic,Alice Smith,Attending concerts,Los Angeles,Social media,Expressive
Emos,Emotional and expressive,Introspective and aesthetic,Caterina Rossi,Creating art,Los Angeles,TV shows,Emotional
Goths,Dark and mysterious,Expressive and emotional,Bob Johnson,Listening to music,Bologna,Social media,Mysterious
Emos,Emotional and expressive,Trendy and innovative,Alice Smith,Listening to music,Los Angeles,Online articles,Expressive
Goths,Dark and mysterious,Introspective and aesthetic,Bob Johnson,Attending concerts,Bologna,TV shows,Morbid
Emos,Emotional and expressive,Introspective and aesthetic,Bob Johnson,Creating art,Los Angeles,Online articles,Emotional
Goths,Dark and mysterious,Expressive and emotional,Bob Johnson,Listening to music,Bologna,TV shows,Mysterious
Goths,Dark and mysterious,Trendy and innovative,Alice Smith,Attending concerts,Bologna,Online articles,Mysterious
Emos,Emotional and expressive,Introspective and aesthetic,Bob Johnson,Creating art,Los Angeles,TV shows,Expressive
Goths,Dark and mysterious,Expressive and emotional,Caterina Rossi,Attending concerts,Bologna,TV shows,Morbid
Goths,Dark and mysterious,Introspective and aesthetic,Alice Smith,Attending concerts,Bologna,Social media,Mysterious
Goths,Dark and mysterious,Introspective and aesthetic,Caterina Rossi,Listening to music,Bologna,Social media,Morbid
Emos,Emotional and expressive,Trendy and innovative,Bob Johnson,Creating art,Los Angeles,Social media,Expressive
Goths,Dark and mysterious,Trendy and innovative,Alice Smith,Attending concerts,Bologna,Social media,Mysterious
Hipsters,Elitist,Expressive and emotional,Alice Smith,Creating art,New York,Online articles,Trendy
Goths,Dark and mysterious,Trendy and innovative,Alice Smith,Creating art,Bologna,Online articles,Morbid
Emos,Emotional and expressive,Trendy and innovative,Caterina Rossi,Creating art,Los Angeles,TV shows,Expressive
Goths,Dark and mysterious,Trendy and innovative,Caterina Rossi,Attending concerts,Bologna,TV shows,Mysterious
Emos,Emotional and expressive,Expressive and emotional,Bob Johnson,Attending concerts,Los Angeles,Social media,Emotional
Goths,Dark and mysterious,Trendy and innovative,Alice Smith,Listening to music,Bologna,Online articles,Mysterious
Goths,Dark and mysterious,Trendy and innovative,Alice Smith,Attending concerts,Bologna,Online articles,Mysterious
Goths,Dark and mysterious,Trendy and innovative,Alice Smith,Listening to music,Bologna,Online articles,Morbid
Emos,Emotional and expressive,Introspective and aesthetic,Caterina Rossi,Creating art,Los Angeles,TV shows,Emotional
Hipsters,Elitist,Introspective and aesthetic,Alice Smith,Creating art,New York,Online articles,Trendy
Hipsters,Elitist,Expressive and emotional,Caterina Rossi,Attending concerts,New York,Social media,Trendy
Emos,Emotional and expressive,Introspective and aesthetic,Bob Johnson,Listening to music,Los Angeles,Social media,Expressive
Emos,Emotional and expressive,Expressive and emotional,Bob Johnson,Attending concerts,Los Angeles,Social media,Expressive
Hipsters,Elitist,Introspective and aesthetic,Caterina Rossi,Listening to music,New York,TV shows,Trendy
Emos,Emotional and expressive,Expressive and emotional,Caterina Rossi,Listening to music,Los Angeles,Social media,Emotional
Emos,Emotional and expressive,Trendy and innovative,Bob Johnson,Attending concerts,Los Angeles,TV shows,Emotional
Emos,Emotional and expressive,Expressive and emotional,Bob Johnson,Listening to music,Los Angeles,Online articles,Expressive
Emos,Emotional and expressive,Expressive and emotional,Alice Smith,Creating art,Los Angeles,TV shows,Expressive
Hipsters,Elitist,Expressive and emotional,Caterina Rossi,Creating art,New York,Online articles,Trendy
Hipsters,Elitist,Trendy and innovative,Caterina Rossi,Creating art,New York,Online articles,Elitist
Hipsters,Elitist,Introspective and aesthetic,Caterina Rossi,Attending concerts,New York,Social media,Trendy
Emos,Emotional and expressive,Trendy and innovative,Caterina Rossi,Attending concerts,Los Angeles,TV shows,Expressive
Emos,Emotional and expressive,Introspective and aesthetic,Bob Johnson,Listening to music,Los Angeles,Social media,Emotional
Emos,Emotional and expressive,Expressive and emotional,Bob Johnson,Listening to music,Los Angeles,Online articles,Emotional
Goths,Dark and mysterious,Trendy and innovative,Bob Johnson,Attending concerts,Bologna,Online articles,Morbid
Emos,Emotional and expressive,Introspective and aesthetic,Alice Smith,Creating art,Los Angeles,Social media,Emotional
Goths,Dark and mysterious,Introspective and aesthetic,Caterina Rossi,Creating art,Bologna,Online articles,Morbid
Hipsters,Elitist,Expressive and emotional,Caterina Rossi,Creating art,New York,Social media,Trendy
Emos,Emotional and expressive,Expressive and emotional,Alice Smith,Attending concerts,Los Angeles,Social media,Expressive
Goths,Dark and mysterious,Trendy and innovative,Alice Smith,Listening to music,Bologna,Social media,Morbid
Hipsters,Elitist,Introspective and aesthetic,Alice Smith,Attending concerts,New York,Social media,Trendy
Hipsters,Elitist,Introspective and aesthetic,Bob Johnson,Attending concerts,New York,Online articles,Trendy
Goths,Dark and mysterious,Introspective and aesthetic,Caterina Rossi,Attending concerts,Bologna,Social media,Morbid
Emos,Emotional and expressive,Expressive and emotional,Bob Johnson,Listening to music,Los Angeles,TV shows,Expressive
Goths,Dark and mysterious,Trendy and innovative,Bob Johnson,Listening to music,Bologna,TV shows,Mysterious
Hipsters,Elitist,Introspective and aesthetic,Bob Johnson,Listening to music,New York,Online articles,Elitist
Goths,Dark and mysterious,Trendy and innovative,Bob Johnson,Attending concerts,Bologna,TV shows,Mysterious
Hipsters,Elitist,Trendy and innovative,Bob Johnson,Creating art,New York,TV shows,Elitist
Goths,Dark and mysterious,Introspective and aesthetic,Caterina Rossi,Creating art,Bologna,Online articles,Mysterious
Hipsters,Elitist,Expressive and emotional,Caterina Rossi,Creating art,New York,Online articles,Trendy
Goths,Dark and mysterious,Expressive and emotional,Alice Smith,Listening to music,Bologna,Online articles,Mysterious
Emos,Emotional and expressive,Trendy and innovative,Alice Smith,Listening to music,Los Angeles,Social media,Emotional
Hipsters,Elitist,Expressive and emotional,Bob Johnson,Attending concerts,New York,Online articles,Trendy
Hipsters,Elitist,Introspective and aesthetic,Bob Johnson,Attending concerts,New York,Social media,Trendy
Hipsters,Elitist,Expressive and emotional,Alice Smith,Attending concerts,New York,Online articles,Elitist
Goths,Dark and mysterious,Trendy and innovative,Caterina Rossi,Attending concerts,Bologna,Social media,Mysterious
Emos,Emotional and expressive,Expressive and emotional,Bob Johnson,Attending concerts,Los Angeles,TV shows,Expressive
Emos,Emotional and expressive,Introspective and aesthetic,Bob Johnson,Creating art,Los Angeles,Social media,Emotional
Goths,Dark and mysterious,Expressive and emotional,Alice Smith,Attending concerts,Bologna,TV shows,Morbid
Goths,Dark and mysterious,Expressive and emotional,Bob Johnson,Listening to music,Bologna,TV shows,Morbid
Emos,Emotional and expressive,Introspective and aesthetic,Caterina Rossi,Attending concerts,Los Angeles,Social media,Emotional
Goths,Dark and mysterious,Expressive and emotional,Caterina Rossi,Listening to music,Bologna,Online articles,Morbid
Hipsters,Elitist,Trendy and innovative,Bob Johnson,Creating art,New York,TV shows,Elitist
Goths,Dark and mysterious,Expressive and emotional,Caterina Rossi,Listening to music,Bologna,Online articles,Mysterious
Emos,Emotional and expressive,Trendy and innovative,Alice Smith,Listening to music,Los Angeles,Social media,Emotional
Goths,Dark and mysterious,Introspective and aesthetic,Alice Smith,Attending concerts,Bologna,Online articles,Mysterious
Hipsters,Elitist,Trendy and innovative,Alice Smith,Creating art,New York,Social media,Trendy
Goths,Dark and mysterious,Introspective and aesthetic,Alice Smith,Attending concerts,Bologna,TV shows,Mysterious
Hipsters,Elitist,Introspective and aesthetic,Caterina Rossi,Attending concerts,New York,TV shows,Elitist
Hipsters,Elitist,Expressive and emotional,Alice Smith,Listening to music,New York,Online articles,Elitist
